Timestamp,Description
2019-07-01 00:00:00,0.0
2019-07-01 00:30:00,0.0
2019-07-01 01:00:00,0.0
2019-07-01 01:30:00,0.0
2019-07-01 02:00:00,0.0
2019-07-01 02:30:00,0.0
2019-07-01 03:00:00,0.0
2019-07-01 03:30:00,0.0
2019-07-01 04:00:00,0.0
2019-07-01 04:30:00,0.0
2019-07-01 05:00:00,0.0
2019-07-01 05:30:00,0.0
2019-07-01 06:00:00,0.0
2019-07-01 06:30:00,0.0
2019-07-01 07:00:00,0.0
2019-07-01 07:30:00,0.0
2019-07-01 08:00:00,0.0
2019-07-01 08:30:00,0.0
2019-07-01 09:00:00,0.0
2019-07-01 09:30:00,0.0
2019-07-01 10:00:00,0.0
2019-07-01 10:30:00,0.0
2019-07-01 11:00:00,0.0
2019-07-01 11:30:00,0.0
2019-07-01 12:00:00,0.0
2019-07-01 12:30:00,0.0
2019-07-01 13:00:00,0.0
2019-07-01 13:30:00,0.0
2019-07-01 14:00:00,0.0
2019-07-01 14:30:00,0.0
2019-07-01 15:00:00,0.0
2019-07-01 15:30:00,0.0
2019-07-01 16:00:00,0.0
2019-07-01 16:30:00,0.0
2019-07-01 17:00:00,0.0
2019-07-01 17:30:00,0.0
2019-07-01 18:00:00,0.0
2019-07-01 18:30:00,0.0
2019-07-01 19:00:00,0.0
2019-07-01 19:30:00,0.0
2019-07-01 20:00:00,0.0
2019-07-01 20:30:00,0.0
2019-07-01 21:00:00,0.0
2019-07-01 21:30:00,0.0
2019-07-01 22:00:00,0.0
2019-07-01 22:30:00,0.0
2019-07-01 23:00:00,0.0
2019-07-01 23:30:00,0.0
2019-07-02 00:00:00,0.0
2019-07-02 00:30:00,0.0
2019-07-02 01:00:00,0.0
2019-07-02 01:30:00,0.0
2019-07-02 02:00:00,0.0
2019-07-02 02:30:00,0.0
2019-07-02 03:00:00,0.0
2019-07-02 03:30:00,0.0
2019-07-02 04:00:00,0.0
2019-07-02 04:30:00,0.0
2019-07-02 05:00:00,0.0
2019-07-02 05:30:00,0.0
2019-07-02 06:00:00,0.0
2019-07-02 06:30:00,0.0
2019-07-02 07:00:00,0.0
2019-07-02 07:30:00,0.0
2019-07-02 08:00:00,0.0
2019-07-02 08:30:00,0.0
2019-07-02 09:00:00,0.0
2019-07-02 09:30:00,2430.0
2019-07-02 10:00:00,0.0
2019-07-02 10:30:00,0.0
2019-07-02 11:00:00,0.0
2019-07-02 11:30:00,0.0
2019-07-02 12:00:00,0.0
2019-07-02 12:30:00,0.0
2019-07-02 13:00:00,0.0
2019-07-02 13:30:00,0.0
2019-07-02 14:00:00,0.0
2019-07-02 14:30:00,0.0
2019-07-02 15:00:00,0.0
2019-07-02 15:30:00,0.0
2019-07-02 16:00:00,2534.3999999999996
2019-07-02 16:30:00,2534.3999999999996
2019-07-02 17:00:00,2520.0
2019-07-02 17:30:00,2509.2
2019-07-02 18:00:00,2502.0
2019-07-02 18:30:00,2484.0
2019-07-02 19:00:00,2494.7999999999997
2019-07-02 19:30:00,2476.7999999999997
2019-07-02 20:00:00,2480.3999999999996
2019-07-02 20:30:00,2487.6
2019-07-02 21:00:00,2487.6
2019-07-02 21:30:00,0.0
2019-07-02 22:00:00,0.0
2019-07-02 22:30:00,0.0
2019-07-02 23:00:00,0.0
2019-07-02 23:30:00,0.0
2019-07-03 00:00:00,0.0
2019-07-03 00:30:00,0.0
2019-07-03 01:00:00,0.0
2019-07-03 01:30:00,0.0
2019-07-03 02:00:00,0.0
2019-07-03 02:30:00,0.0
2019-07-03 03:00:00,0.0
2019-07-03 03:30:00,0.0
2019-07-03 04:00:00,0.0
2019-07-03 04:30:00,0.0
2019-07-03 05:00:00,0.0
2019-07-03 05:30:00,0.0
2019-07-03 06:00:00,0.0
2019-07-03 06:30:00,0.0
2019-07-03 07:00:00,0.0
2019-07-03 07:30:00,0.0
2019-07-03 08:00:00,0.0
2019-07-03 08:30:00,0.0
2019-07-03 09:00:00,0.0
2019-07-03 09:30:00,0.0
2019-07-03 10:00:00,0.0
2019-07-03 10:30:00,0.0
2019-07-03 11:00:00,0.0
2019-07-03 11:30:00,0.0
2019-07-03 12:00:00,0.0
2019-07-03 12:30:00,2484.0
2019-07-03 13:00:00,2487.6
2019-07-03 13:30:00,2491.2
2019-07-03 14:00:00,2505.6
2019-07-03 14:30:00,2520.0
2019-07-03 15:00:00,2527.2
2019-07-03 15:30:00,2520.0
2019-07-03 16:00:00,2523.6
2019-07-03 16:30:00,2516.3999999999996
2019-07-03 17:00:00,2523.6
2019-07-03 17:30:00,0.0
2019-07-03 18:00:00,0.0
2019-07-03 18:30:00,0.0
2019-07-03 19:00:00,0.0
2019-07-03 19:30:00,0.0
2019-07-03 20:00:00,0.0
2019-07-03 20:30:00,0.0
2019-07-03 21:00:00,0.0
2019-07-03 21:30:00,0.0
2019-07-03 22:00:00,2523.6
2019-07-03 22:30:00,2548.7999999999997
2019-07-03 23:00:00,2566.7999999999997
2019-07-03 23:30:00,2595.6
2019-07-04 00:00:00,2617.2
2019-07-04 00:30:00,2635.2
2019-07-04 01:00:00,0.0
2019-07-04 01:30:00,0.0
2019-07-04 02:00:00,2674.8
2019-07-04 02:30:00,2678.4
2019-07-04 03:00:00,2678.4
2019-07-04 03:30:00,2667.6
2019-07-04 04:00:00,2660.4
2019-07-04 04:30:00,2638.7999999999997
2019-07-04 05:00:00,0.0
2019-07-04 05:30:00,2588.4
2019-07-04 06:00:00,2559.6
2019-07-04 06:30:00,2530.7999999999997
2019-07-04 07:00:00,2498.3999999999996
2019-07-04 07:30:00,2462.4
2019-07-04 08:00:00,2444.4
2019-07-04 08:30:00,2415.6000000000004
2019-07-04 09:00:00,2394.0
2019-07-04 09:30:00,2404.8
2019-07-04 10:00:00,2390.4
2019-07-04 10:30:00,2401.2000000000003
2019-07-04 11:00:00,2404.8
2019-07-04 11:30:00,0.0
2019-07-04 12:00:00,2426.4
2019-07-04 12:30:00,2440.8
2019-07-04 13:00:00,2458.8
2019-07-04 13:30:00,0.0
2019-07-04 14:00:00,0.0
2019-07-04 14:30:00,0.0
2019-07-04 15:00:00,0.0
2019-07-04 15:30:00,2480.3999999999996
2019-07-04 16:00:00,0.0
2019-07-04 16:30:00,0.0
2019-07-04 17:00:00,0.0
2019-07-04 17:30:00,0.0
2019-07-04 18:00:00,0.0
2019-07-04 18:30:00,2437.2000000000003
2019-07-04 19:00:00,2433.6000000000004
2019-07-04 19:30:00,2433.6000000000004
2019-07-04 20:00:00,0.0
2019-07-04 20:30:00,0.0
2019-07-04 21:00:00,0.0
2019-07-04 21:30:00,0.0
2019-07-04 22:00:00,0.0
2019-07-04 22:30:00,0.0
2019-07-04 23:00:00,0.0
2019-07-04 23:30:00,0.0
2019-07-05 00:00:00,0.0
2019-07-05 00:30:00,0.0
2019-07-05 01:00:00,0.0
2019-07-05 01:30:00,0.0
2019-07-05 02:00:00,0.0
2019-07-05 02:30:00,0.0
2019-07-05 03:00:00,0.0
2019-07-05 03:30:00,0.0
2019-07-05 04:00:00,0.0
2019-07-05 04:30:00,0.0
2019-07-05 05:00:00,0.0
2019-07-05 05:30:00,0.0
2019-07-05 06:00:00,0.0
2019-07-05 06:30:00,0.0
2019-07-05 07:00:00,0.0
2019-07-05 07:30:00,0.0
2019-07-05 08:00:00,0.0
2019-07-05 08:30:00,0.0
2019-07-05 09:00:00,0.0
2019-07-05 09:30:00,0.0
2019-07-05 10:00:00,0.0
2019-07-05 10:30:00,0.0
2019-07-05 11:00:00,0.0
2019-07-05 11:30:00,0.0
2019-07-05 12:00:00,0.0
2019-07-05 12:30:00,0.0
2019-07-05 13:00:00,0.0
2019-07-05 13:30:00,0.0
2019-07-05 14:00:00,0.0
2019-07-05 14:30:00,0.0
2019-07-05 15:00:00,0.0
2019-07-05 15:30:00,0.0
2019-07-05 16:00:00,0.0
2019-07-05 16:30:00,0.0
2019-07-05 17:00:00,0.0
2019-07-05 17:30:00,0.0
2019-07-05 18:00:00,0.0
2019-07-05 18:30:00,0.0
2019-07-05 19:00:00,0.0
2019-07-05 19:30:00,0.0
2019-07-05 20:00:00,0.0
2019-07-05 20:30:00,0.0
2019-07-05 21:00:00,0.0
2019-07-05 21:30:00,0.0
2019-07-05 22:00:00,0.0
2019-07-05 22:30:00,0.0
2019-07-05 23:00:00,0.0
2019-07-05 23:30:00,0.0
2019-07-06 00:00:00,0.0
2019-07-06 00:30:00,0.0
2019-07-06 01:00:00,0.0
2019-07-06 01:30:00,0.0
2019-07-06 02:00:00,0.0
2019-07-06 02:30:00,0.0
2019-07-06 03:00:00,0.0
2019-07-06 03:30:00,0.0
2019-07-06 04:00:00,0.0
2019-07-06 04:30:00,0.0
2019-07-06 05:00:00,0.0
2019-07-06 05:30:00,0.0
2019-07-06 06:00:00,0.0
2019-07-06 06:30:00,0.0
2019-07-06 07:00:00,0.0
2019-07-06 07:30:00,0.0
2019-07-06 08:00:00,0.0
2019-07-06 08:30:00,0.0
2019-07-06 09:00:00,0.0
2019-07-06 09:30:00,0.0
2019-07-06 10:00:00,0.0
2019-07-06 10:30:00,0.0
2019-07-06 11:00:00,0.0
2019-07-06 11:30:00,0.0
2019-07-06 12:00:00,0.0
2019-07-06 12:30:00,0.0
2019-07-06 13:00:00,0.0
2019-07-06 13:30:00,0.0
2019-07-06 14:00:00,0.0
2019-07-06 14:30:00,0.0
2019-07-06 15:00:00,0.0
2019-07-06 15:30:00,0.0
2019-07-06 16:00:00,0.0
2019-07-06 16:30:00,0.0
2019-07-06 17:00:00,0.0
2019-07-06 17:30:00,0.0
2019-07-06 18:00:00,0.0
2019-07-06 18:30:00,0.0
2019-07-06 19:00:00,0.0
2019-07-06 19:30:00,0.0
2019-07-06 20:00:00,0.0
2019-07-06 20:30:00,0.0
2019-07-06 21:00:00,0.0
2019-07-06 21:30:00,0.0
2019-07-06 22:00:00,0.0
2019-07-06 22:30:00,0.0
2019-07-06 23:00:00,0.0
2019-07-06 23:30:00,0.0
2019-07-07 00:00:00,0.0
2019-07-07 00:30:00,0.0
2019-07-07 01:00:00,0.0
2019-07-07 01:30:00,0.0
2019-07-07 02:00:00,0.0
2019-07-07 02:30:00,0.0
2019-07-07 03:00:00,0.0
2019-07-07 03:30:00,0.0
2019-07-07 04:00:00,0.0
2019-07-07 04:30:00,0.0
2019-07-07 05:00:00,0.0
2019-07-07 05:30:00,0.0
2019-07-07 06:00:00,0.0
2019-07-07 06:30:00,0.0
2019-07-07 07:00:00,0.0
2019-07-07 07:30:00,0.0
2019-07-07 08:00:00,0.0
2019-07-07 08:30:00,0.0
2019-07-07 09:00:00,0.0
2019-07-07 09:30:00,0.0
2019-07-07 10:00:00,0.0
2019-07-07 10:30:00,0.0
2019-07-07 11:00:00,0.0
2019-07-07 11:30:00,0.0
2019-07-07 12:00:00,0.0
2019-07-07 12:30:00,0.0
2019-07-07 13:00:00,0.0
2019-07-07 13:30:00,0.0
2019-07-07 14:00:00,0.0
2019-07-07 14:30:00,0.0
2019-07-07 15:00:00,0.0
2019-07-07 15:30:00,0.0
2019-07-07 16:00:00,0.0
2019-07-07 16:30:00,0.0
2019-07-07 17:00:00,0.0
2019-07-07 17:30:00,0.0
2019-07-07 18:00:00,0.0
2019-07-07 18:30:00,0.0
2019-07-07 19:00:00,0.0
2019-07-07 19:30:00,0.0
2019-07-07 20:00:00,0.0
2019-07-07 20:30:00,0.0
2019-07-07 21:00:00,0.0
2019-07-07 21:30:00,0.0
2019-07-07 22:00:00,0.0
2019-07-07 22:30:00,0.0
2019-07-07 23:00:00,0.0
2019-07-07 23:30:00,0.0
